;node1;node2;fiber_length_mean;FA_mean;number_of_fibers_mean;fiber_length_median;FA_median;number_of_fibers_median;edge confidence;name_node1;name_node2
('1', '34');1;34;16.534;0.250;68.038;15.668;0.222;32.750;687;rh.lateralorbitofrontal;rh.insula
('1', '36');1;36;21.156;0.269;100.813;19.793;0.219;35.000;604;rh.lateralorbitofrontal;Right-Caudate
('1', '37');1;37;16.399;0.258;192.420;15.594;0.214;58.250;679;rh.lateralorbitofrontal;Right-Putamen
('1', '7');1;7;21.715;0.220;140.863;21.173;0.199;28.875;613;rh.lateralorbitofrontal;rh.rostralmiddlefrontal
('10', '11');10;11;19.924;0.349;3550.071;19.189;0.349;3200.500;1064;rh.precentral;rh.paracentral
('10', '13');10;13;40.407;0.211;224.523;40.276;0.204;170.375;1057;rh.precentral;rh.caudalanteriorcingulate
('10', '14');10;14;29.802;0.299;880.819;29.296;0.288;590.438;1064;rh.precentral;rh.posteriorcingulate
('10', '15');10;15;56.267;0.281;26.292;57.697;0.274;10.875;725;rh.precentral;rh.isthmuscingulate
('10', '16');10;16;19.197;0.298;3822.531;18.838;0.297;3693.938;1064;rh.precentral;rh.postcentral
('10', '17');10;17;31.843;0.337;2384.550;31.694;0.341;2121.125;1064;rh.precentral;rh.supramarginal
('10', '18');10;18;39.493;0.358;1007.215;39.605;0.366;720.938;1064;rh.precentral;rh.superiorparietal
('10', '19');10;19;53.977;0.343;467.101;54.070;0.352;188.188;1024;rh.precentral;rh.inferiorparietal
('10', '20');10;20;51.462;0.305;138.100;53.761;0.297;72.000;1052;rh.precentral;rh.precuneus
('10', '34');10;34;28.189;0.299;2942.649;27.949;0.297;2804.000;1064;rh.precentral;rh.insula
('10', '35');10;35;39.951;0.252;426.371;39.429;0.244;333.938;1064;rh.precentral;Right-Thalamus-Proper
('10', '36');10;36;34.277;0.269;1183.865;34.174;0.262;1033.500;1064;rh.precentral;Right-Caudate
('10', '37');10;37;33.801;0.270;2032.488;33.564;0.266;1724.000;1064;rh.precentral;Right-Putamen
('10', '38');10;38;43.230;0.245;173.674;42.703;0.236;111.500;1053;rh.precentral;Right-Pallidum
('11', '13');11;13;61.336;0.262;19.869;64.594;0.262;12.250;795;rh.paracentral;rh.caudalanteriorcingulate
('11', '14');11;14;26.851;0.314;122.159;26.049;0.307;98.938;1062;rh.paracentral;rh.posteriorcingulate
('11', '15');11;15;26.442;0.252;35.372;24.729;0.247;21.000;878;rh.paracentral;rh.isthmuscingulate
('11', '16');11;16;19.770;0.369;1795.261;19.373;0.371;1472.938;1064;rh.paracentral;rh.postcentral
('11', '17');11;17;28.937;0.356;943.870;28.782;0.364;782.875;1063;rh.paracentral;rh.supramarginal
('11', '18');11;18;18.781;0.352;1634.619;18.240;0.355;1394.000;1064;rh.paracentral;rh.superiorparietal
('11', '19');11;19;45.548;0.300;97.890;45.491;0.294;49.812;976;rh.paracentral;rh.inferiorparietal
('11', '20');11;20;23.384;0.299;123.984;21.958;0.282;94.000;1059;rh.paracentral;rh.precuneus
('11', '34');11;34;45.521;0.317;539.090;45.262;0.316;445.125;1063;rh.paracentral;rh.insula
('11', '35');11;35;47.973;0.283;154.249;48.556;0.282;112.375;1058;rh.paracentral;Right-Thalamus-Proper
('11', '36');11;36;38.617;0.321;327.047;38.331;0.314;263.375;1063;rh.paracentral;Right-Caudate
('11', '37');11;37;53.756;0.291;398.447;54.028;0.291;332.312;1064;rh.paracentral;Right-Putamen
('11', '38');11;38;57.999;0.267;63.868;58.205;0.268;38.250;1001;rh.paracentral;Right-Pallidum
('12', '13');12;13;18.920;0.271;119.796;17.856;0.219;44.875;640;rh.rostralanteriorcingulate;rh.caudalanteriorcingulate
('12', '36');12;36;21.618;0.301;285.737;19.850;0.253;73.000;751;rh.rostralanteriorcingulate;Right-Caudate
('13', '14');13;14;21.897;0.202;316.163;21.680;0.195;263.312;1064;rh.caudalanteriorcingulate;rh.posteriorcingulate
('13', '16');13;16;55.536;0.238;31.002;55.707;0.235;20.750;933;rh.caudalanteriorcingulate;rh.postcentral
('13', '17');13;17;59.719;0.222;26.479;59.426;0.216;15.500;824;rh.caudalanteriorcingulate;rh.supramarginal
('13', '18');13;18;69.572;0.240;32.981;69.428;0.235;18.250;854;rh.caudalanteriorcingulate;rh.superiorparietal
('13', '34');13;34;34.529;0.175;152.728;34.312;0.161;105.000;1041;rh.caudalanteriorcingulate;rh.insula
('13', '35');13;35;30.432;0.170;140.750;30.058;0.147;88.250;1012;rh.caudalanteriorcingulate;Right-Thalamus-Proper
('13', '36');13;36;16.703;0.180;2375.502;16.390;0.160;2265.750;1063;rh.caudalanteriorcingulate;Right-Caudate
('13', '37');13;37;31.704;0.166;170.244;31.223;0.148;129.000;1039;rh.caudalanteriorcingulate;Right-Putamen
('13', '38');13;38;39.817;0.158;19.805;39.286;0.143;13.750;771;rh.caudalanteriorcingulate;Right-Pallidum
('13', '48');13;48;48.501;0.193;26.251;47.646;0.186;13.500;599;rh.caudalanteriorcingulate;lh.rostralmiddlefrontal
('13', '49');13;49;45.897;0.209;23.172;45.163;0.204;12.125;727;rh.caudalanteriorcingulate;lh.superiorfrontal
('13', '50');13;50;44.907;0.196;26.791;44.635;0.191;15.625;844;rh.caudalanteriorcingulate;lh.caudalmiddlefrontal
('13', '54');13;54;17.815;0.198;66.227;17.740;0.164;51.625;1017;rh.caudalanteriorcingulate;lh.caudalanteriorcingulate
('13', '55');13;55;23.930;0.184;54.678;23.894;0.176;37.750;999;rh.caudalanteriorcingulate;lh.posteriorcingulate
('13', '76');13;76;26.405;0.173;72.054;24.951;0.154;35.625;824;rh.caudalanteriorcingulate;Left-Thalamus-Proper
('13', '77');13;77;19.734;0.199;174.714;19.059;0.171;133.250;1034;rh.caudalanteriorcingulate;Left-Caudate
('14', '15');14;15;24.217;0.399;1741.610;24.358;0.401;1505.688;1064;rh.posteriorcingulate;rh.isthmuscingulate
('14', '16');14;16;31.258;0.333;339.935;31.173;0.334;196.250;1063;rh.posteriorcingulate;rh.postcentral
('14', '17');14;17;29.526;0.320;712.030;29.535;0.318;547.062;1064;rh.posteriorcingulate;rh.supramarginal
('14', '18');14;18;28.626;0.307;1241.610;27.745;0.302;1069.875;1064;rh.posteriorcingulate;rh.superiorparietal
('14', '19');14;19;48.582;0.265;231.839;49.046;0.256;161.688;1048;rh.posteriorcingulate;rh.inferiorparietal
('14', '20');14;20;31.258;0.280;501.550;31.114;0.274;380.250;1063;rh.posteriorcingulate;rh.precuneus
('14', '24');14;24;39.739;0.297;45.890;39.666;0.275;15.625;754;rh.posteriorcingulate;rh.lingual
('14', '31');14;31;48.590;0.216;27.937;48.487;0.212;13.875;730;rh.posteriorcingulate;rh.bankssts
('14', '34');14;34;33.393;0.284;1027.384;33.385;0.285;864.875;1063;rh.posteriorcingulate;rh.insula
('14', '35');14;35;20.429;0.369;3156.664;19.323;0.376;3052.188;1064;rh.posteriorcingulate;Right-Thalamus-Proper
('14', '36');14;36;17.334;0.373;4981.779;17.155;0.377;5026.938;1064;rh.posteriorcingulate;Right-Caudate
('14', '37');14;37;38.310;0.266;697.885;37.951;0.267;597.688;1064;rh.posteriorcingulate;Right-Putamen
('14', '38');14;38;43.447;0.255;98.534;43.229;0.254;70.125;1049;rh.posteriorcingulate;Right-Pallidum
('14', '40');14;40;27.243;0.423;960.728;26.798;0.429;769.625;1061;rh.posteriorcingulate;Right-Hippocampus
('14', '49');14;49;51.325;0.208;15.032;50.745;0.208;8.375;587;rh.posteriorcingulate;lh.superiorfrontal
('14', '50');14;50;45.857;0.206;26.866;45.797;0.204;15.500;779;rh.posteriorcingulate;lh.caudalmiddlefrontal
('14', '54');14;54;24.248;0.182;55.657;24.262;0.176;38.500;984;rh.posteriorcingulate;lh.caudalanteriorcingulate
('14', '55');14;55;20.210;0.308;81.954;19.372;0.313;62.250;1057;rh.posteriorcingulate;lh.posteriorcingulate
('14', '56');14;56;25.545;0.407;214.961;25.147;0.411;120.125;1026;rh.posteriorcingulate;lh.isthmuscingulate
('14', '76');14;76;20.398;0.286;580.320;19.631;0.282;494.125;1051;rh.posteriorcingulate;Left-Thalamus-Proper
('14', '77');14;77;22.999;0.181;145.010;22.552;0.172;111.375;1015;rh.posteriorcingulate;Left-Caudate
('14', '81');14;81;30.739;0.425;88.556;30.257;0.427;38.375;706;rh.posteriorcingulate;Left-Hippocampus
('14', '83');14;83;27.805;0.410;199.974;27.409;0.414;55.875;671;rh.posteriorcingulate;Brain-Stem
('15', '16');15;16;44.390;0.268;43.609;45.626;0.265;15.125;846;rh.isthmuscingulate;rh.postcentral
('15', '17');15;17;34.278;0.217;248.203;33.966;0.209;184.250;1062;rh.isthmuscingulate;rh.supramarginal
('15', '18');15;18;30.235;0.241;1148.018;29.975;0.234;984.000;1064;rh.isthmuscingulate;rh.superiorparietal
('15', '19');15;19;38.868;0.226;718.572;38.906;0.221;565.750;1063;rh.isthmuscingulate;rh.inferiorparietal
('15', '20');15;20;19.716;0.269;2486.548;19.689;0.260;2464.938;1064;rh.isthmuscingulate;rh.precuneus
('15', '23');15;23;45.414;0.226;61.368;45.398;0.220;26.938;916;rh.isthmuscingulate;rh.lateraloccipital
('15', '24');15;24;20.214;0.277;144.578;19.963;0.259;98.750;1055;rh.isthmuscingulate;rh.lingual
('15', '25');15;25;33.497;0.240;21.144;32.535;0.226;11.875;739;rh.isthmuscingulate;rh.fusiform
('15', '26');15;26;17.014;0.307;47.751;15.322;0.280;25.000;847;rh.isthmuscingulate;rh.parahippocampal
('15', '29');15;29;42.548;0.225;21.220;43.210;0.213;10.500;691;rh.isthmuscingulate;rh.inferiortemporal
('15', '30');15;30;44.414;0.221;25.787;44.664;0.210;14.125;819;rh.isthmuscingulate;rh.middletemporal
('15', '31');15;31;40.424;0.210;64.011;40.366;0.196;39.938;1006;rh.isthmuscingulate;rh.bankssts
('15', '32');15;32;37.877;0.222;30.289;37.891;0.199;16.625;906;rh.isthmuscingulate;rh.superiortemporal
('15', '33');15;33;32.823;0.244;30.008;32.329;0.220;15.875;826;rh.isthmuscingulate;rh.transversetemporal
('15', '34');15;34;35.885;0.276;226.932;34.707;0.272;144.875;1063;rh.isthmuscingulate;rh.insula
('15', '35');15;35;19.936;0.426;1727.687;19.338;0.430;1504.688;1064;rh.isthmuscingulate;Right-Thalamus-Proper
('15', '36');15;36;27.997;0.321;245.830;26.654;0.321;150.125;1061;rh.isthmuscingulate;Right-Caudate
('15', '37');15;37;46.933;0.260;113.818;46.185;0.253;70.625;1043;rh.isthmuscingulate;Right-Putamen
('15', '38');15;38;49.961;0.256;44.951;49.290;0.248;23.125;960;rh.isthmuscingulate;Right-Pallidum
('15', '40');15;40;17.732;0.434;1291.430;17.619;0.447;1145.062;1064;rh.isthmuscingulate;Right-Hippocampus
('15', '55');15;55;24.201;0.414;261.343;23.957;0.422;159.250;1037;rh.isthmuscingulate;lh.posteriorcingulate
('15', '56');15;56;15.919;0.367;548.801;15.741;0.378;441.750;1057;rh.isthmuscingulate;lh.isthmuscingulate
('15', '76');15;76;25.397;0.408;139.594;24.156;0.418;76.875;981;rh.isthmuscingulate;Left-Thalamus-Proper
('16', '17');16;17;21.118;0.338;4681.405;20.890;0.347;4473.812;1064;rh.postcentral;rh.supramarginal
('16', '18');16;18;23.973;0.355;864.346;22.974;0.360;680.875;1064;rh.postcentral;rh.superiorparietal
('16', '19');16;19;41.538;0.372;941.459;41.509;0.391;637.500;1050;rh.postcentral;rh.inferiorparietal
('16', '20');16;20;31.493;0.310;408.774;28.979;0.303;209.062;1060;rh.postcentral;rh.precuneus
('16', '34');16;34;29.534;0.300;1117.021;29.136;0.299;1001.438;1064;rh.postcentral;rh.insula
('16', '35');16;35;42.854;0.256;192.402;43.035;0.251;137.500;1063;rh.postcentral;Right-Thalamus-Proper
('16', '36');16;36;40.041;0.271;321.279;40.448;0.268;259.625;1064;rh.postcentral;Right-Caudate
('16', '37');16;37;39.028;0.279;768.285;38.973;0.277;638.188;1064;rh.postcentral;Right-Putamen
('16', '38');16;38;47.821;0.251;80.777;48.133;0.246;47.625;1035;rh.postcentral;Right-Pallidum
('17', '18');17;18;28.836;0.249;1615.297;28.901;0.240;1483.625;1064;rh.supramarginal;rh.superiorparietal
('17', '19');17;19;23.648;0.320;6512.787;23.582;0.327;6361.062;1064;rh.supramarginal;rh.inferiorparietal
('17', '20');17;20;32.600;0.213;1483.400;32.418;0.200;1335.062;1064;rh.supramarginal;rh.precuneus
('17', '23');17;23;47.922;0.223;58.687;48.106;0.206;23.062;908;rh.supramarginal;rh.lateraloccipital
('17', '24');17;24;31.773;0.239;73.681;31.733;0.223;39.188;984;rh.supramarginal;rh.lingual
('17', '25');17;25;38.037;0.204;30.341;37.537;0.192;13.125;747;rh.supramarginal;rh.fusiform
('17', '29');17;29;38.553;0.190;26.331;38.454;0.179;12.500;707;rh.supramarginal;rh.inferiortemporal
('17', '30');17;30;35.224;0.181;43.067;34.751;0.174;22.250;891;rh.supramarginal;rh.middletemporal
('17', '31');17;31;17.934;0.204;341.582;17.380;0.183;285.688;1062;rh.supramarginal;rh.bankssts
('17', '32');17;32;18.231;0.214;104.620;17.540;0.195;60.438;1046;rh.supramarginal;rh.superiortemporal
('17', '33');17;33;23.213;0.190;15.974;23.154;0.175;9.750;827;rh.supramarginal;rh.transversetemporal
('17', '34');17;34;30.991;0.287;2825.335;30.610;0.292;2712.250;1064;rh.supramarginal;rh.insula
('17', '35');17;35;32.812;0.214;784.876;32.991;0.210;683.000;1064;rh.supramarginal;Right-Thalamus-Proper
('17', '36');17;36;32.243;0.224;682.238;32.244;0.218;589.688;1064;rh.supramarginal;Right-Caudate
('17', '37');17;37;39.613;0.251;1770.879;39.489;0.250;1494.750;1064;rh.supramarginal;Right-Putamen
('17', '38');17;38;43.128;0.217;270.555;43.239;0.211;212.250;1061;rh.supramarginal;Right-Pallidum
('17', '40');17;40;31.759;0.209;119.081;31.527;0.204;82.812;1050;rh.supramarginal;Right-Hippocampus
('18', '19');18;19;20.878;0.251;2156.743;20.821;0.235;2029.688;1064;rh.superiorparietal;rh.inferiorparietal
('18', '20');18;20;16.406;0.270;10118.234;16.354;0.259;9964.500;1064;rh.superiorparietal;rh.precuneus
('18', '21');18;21;14.167;0.200;735.579;13.948;0.188;607.500;1063;rh.superiorparietal;rh.cuneus
('18', '22');18;22;15.066;0.207;1384.492;14.700;0.197;1198.188;1064;rh.superiorparietal;rh.pericalcarine
('18', '23');18;23;20.221;0.217;559.531;19.892;0.206;489.125;1064;rh.superiorparietal;rh.lateraloccipital
('18', '24');18;24;27.568;0.229;309.481;26.755;0.220;164.875;1056;rh.superiorparietal;rh.lingual
('18', '25');18;25;37.129;0.212;84.856;36.090;0.206;31.562;948;rh.superiorparietal;rh.fusiform
('18', '29');18;29;41.104;0.211;62.869;40.609;0.204;27.250;870;rh.superiorparietal;rh.inferiortemporal
('18', '30');18;30;40.322;0.205;74.760;39.938;0.196;38.625;959;rh.superiorparietal;rh.middletemporal
('18', '31');18;31;38.565;0.199;225.176;38.073;0.187;151.125;1049;rh.superiorparietal;rh.bankssts
('18', '32');18;32;38.560;0.200;94.449;38.268;0.187;55.625;1042;rh.superiorparietal;rh.superiortemporal
('18', '33');18;33;39.379;0.194;54.180;39.462;0.181;30.938;970;rh.superiorparietal;rh.transversetemporal
('18', '34');18;34;43.838;0.247;1714.765;43.642;0.237;1544.688;1064;rh.superiorparietal;rh.insula
('18', '35');18;35;44.559;0.245;1163.892;44.513;0.242;1035.562;1064;rh.superiorparietal;Right-Thalamus-Proper
('18', '36');18;36;38.726;0.251;1225.394;38.698;0.245;1107.125;1064;rh.superiorparietal;Right-Caudate
('18', '37');18;37;52.260;0.246;1686.171;52.145;0.240;1482.438;1064;rh.superiorparietal;Right-Putamen
('18', '38');18;38;57.058;0.233;379.001;57.027;0.229;289.500;1061;rh.superiorparietal;Right-Pallidum
('18', '40');18;40;43.803;0.247;312.378;43.020;0.236;197.750;1063;rh.superiorparietal;Right-Hippocampus
('19', '20');19;20;22.210;0.211;5912.307;21.977;0.200;5570.875;1064;rh.inferiorparietal;rh.precuneus
('19', '21');19;21;23.475;0.211;286.936;22.354;0.196;154.125;1041;rh.inferiorparietal;rh.cuneus
('19', '22');19;22;20.425;0.225;1362.311;19.791;0.209;1028.125;1063;rh.inferiorparietal;rh.pericalcarine
('19', '23');19;23;21.611;0.224;1448.892;20.711;0.214;1160.375;1064;rh.inferiorparietal;rh.lateraloccipital
('19', '24');19;24;23.442;0.239;1889.284;22.893;0.227;1591.125;1064;rh.inferiorparietal;rh.lingual
('19', '25');19;25;28.429;0.219;722.196;26.948;0.209;439.625;1064;rh.inferiorparietal;rh.fusiform
('19', '26');19;26;36.768;0.210;96.063;36.306;0.196;42.250;876;rh.inferiorparietal;rh.parahippocampal
('19', '29');19;29;28.796;0.204;359.851;27.909;0.193;225.250;1047;rh.inferiorparietal;rh.inferiortemporal
('19', '30');19;30;24.779;0.197;544.182;24.460;0.187;426.250;1061;rh.inferiorparietal;rh.middletemporal
('19', '31');19;31;23.667;0.201;2400.607;23.639;0.187;2245.062;1064;rh.inferiorparietal;rh.bankssts
('19', '32');19;32;26.330;0.214;1064.147;26.211;0.194;809.250;1061;rh.inferiorparietal;rh.superiortemporal
('19', '33');19;33;33.186;0.194;272.972;33.209;0.179;197.000;1054;rh.inferiorparietal;rh.transversetemporal
('19', '34');19;34;40.420;0.251;1823.292;39.890;0.245;1560.938;1064;rh.inferiorparietal;rh.insula
('19', '35');19;35;43.710;0.218;1139.807;43.490;0.212;942.562;1064;rh.inferiorparietal;Right-Thalamus-Proper
('19', '36');19;36;42.940;0.220;507.994;42.593;0.211;386.125;1055;rh.inferiorparietal;Right-Caudate
('19', '37');19;37;54.229;0.225;784.593;54.054;0.214;580.062;1064;rh.inferiorparietal;Right-Putamen
('19', '38');19;38;58.802;0.211;213.055;58.692;0.204;150.375;1050;rh.inferiorparietal;Right-Pallidum
('19', '40');19;40;37.651;0.216;1684.071;37.168;0.206;1271.375;1063;rh.inferiorparietal;Right-Hippocampus
('20', '21');20;21;16.356;0.205;108.436;16.078;0.197;84.562;1062;rh.precuneus;rh.cuneus
('20', '22');20;22;17.299;0.219;225.311;17.121;0.204;183.062;1064;rh.precuneus;rh.pericalcarine
('20', '23');20;23;21.256;0.219;1469.543;20.939;0.206;1106.750;1064;rh.precuneus;rh.lateraloccipital
('20', '24');20;24;20.752;0.256;377.095;20.428;0.239;333.750;1064;rh.precuneus;rh.lingual
('20', '25');20;25;32.736;0.224;123.435;31.672;0.212;63.188;1028;rh.precuneus;rh.fusiform
('20', '26');20;26;32.843;0.286;53.801;32.736;0.276;20.000;765;rh.precuneus;rh.parahippocampal
('20', '29');20;29;32.361;0.219;197.476;31.465;0.207;100.625;979;rh.precuneus;rh.inferiortemporal
('20', '30');20;30;31.771;0.212;277.983;31.757;0.197;175.000;1034;rh.precuneus;rh.middletemporal
('20', '31');20;31;33.559;0.198;601.619;33.566;0.180;461.375;1055;rh.precuneus;rh.bankssts
('20', '32');20;32;35.697;0.198;206.279;35.360;0.175;126.500;1054;rh.precuneus;rh.superiortemporal
('20', '33');20;33;35.406;0.204;104.440;35.363;0.176;63.875;1035;rh.precuneus;rh.transversetemporal
('20', '34');20;34;43.149;0.226;683.473;42.843;0.212;573.812;1064;rh.precuneus;rh.insula
('20', '35');20;35;36.499;0.287;1092.485;36.248;0.266;870.500;1063;rh.precuneus;Right-Thalamus-Proper
('20', '36');20;36;38.111;0.240;512.953;37.431;0.235;405.750;1062;rh.precuneus;Right-Caudate
('20', '37');20;37;56.574;0.228;434.390;56.485;0.221;354.438;1064;rh.precuneus;Right-Putamen
('20', '38');20;38;58.973;0.226;152.129;59.005;0.217;113.125;1055;rh.precuneus;Right-Pallidum
('20', '40');20;40;24.882;0.341;1353.917;24.192;0.350;1205.250;1064;rh.precuneus;Right-Hippocampus
('21', '22');21;22;14.352;0.204;416.174;14.256;0.196;360.375;1064;rh.cuneus;rh.pericalcarine
('21', '23');21;23;18.560;0.212;821.305;17.991;0.203;607.500;1064;rh.cuneus;rh.lateraloccipital
('21', '24');21;24;25.367;0.235;65.124;25.213;0.226;34.625;940;rh.cuneus;rh.lingual
('21', '25');21;25;32.625;0.224;47.778;32.788;0.217;20.000;684;rh.cuneus;rh.fusiform
('21', '29');21;29;39.777;0.228;31.910;39.195;0.221;13.625;576;rh.cuneus;rh.inferiortemporal
('21', '30');21;30;41.116;0.231;23.179;40.495;0.223;10.688;584;rh.cuneus;rh.middletemporal
('21', '31');21;31;46.975;0.227;22.485;47.032;0.213;10.250;596;rh.cuneus;rh.bankssts
('22', '23');22;23;16.570;0.222;5464.641;16.390;0.219;5277.875;1064;rh.pericalcarine;rh.lateraloccipital
('22', '24');22;24;16.586;0.258;553.080;16.393;0.255;482.188;1064;rh.pericalcarine;rh.lingual
('22', '25');22;25;20.917;0.248;316.613;20.578;0.243;209.250;1061;rh.pericalcarine;rh.fusiform
('22', '29');22;29;32.256;0.261;135.043;32.107;0.257;65.625;921;rh.pericalcarine;rh.inferiortemporal
('22', '30');22;30;35.460;0.261;94.548;35.368;0.258;42.750;949;rh.pericalcarine;rh.middletemporal
('22', '31');22;31;41.921;0.254;82.575;42.465;0.249;40.562;918;rh.pericalcarine;rh.bankssts
('22', '40');22;40;43.710;0.255;32.642;44.326;0.242;15.875;707;rh.pericalcarine;Right-Hippocampus
('23', '24');23;24;20.712;0.243;8098.778;20.544;0.242;7869.625;1064;rh.lateraloccipital;rh.lingual
('23', '25');23;25;17.527;0.230;4685.001;17.247;0.227;4283.750;1064;rh.lateraloccipital;rh.fusiform
('23', '26');23;26;37.154;0.239;69.082;36.978;0.229;23.250;819;rh.lateraloccipital;rh.parahippocampal
('23', '29');23;29;27.204;0.240;596.936;27.593;0.236;432.875;1056;rh.lateraloccipital;rh.inferiortemporal
('23', '30');23;30;31.934;0.244;434.349;32.376;0.238;310.812;1058;rh.lateraloccipital;rh.middletemporal
('23', '31');23;31;35.809;0.238;869.651;35.758;0.228;572.562;1050;rh.lateraloccipital;rh.bankssts
('23', '32');23;32;45.145;0.231;98.324;45.156;0.218;33.000;867;rh.lateraloccipital;rh.superiortemporal
('23', '33');23;33;47.720;0.221;31.692;47.463;0.206;12.750;693;rh.lateraloccipital;rh.transversetemporal
('23', '34');23;34;52.763;0.216;55.172;52.238;0.202;22.750;910;rh.lateraloccipital;rh.insula
('23', '35');23;35;52.849;0.216;61.898;52.514;0.206;24.312;904;rh.lateraloccipital;Right-Thalamus-Proper
('23', '37');23;37;65.313;0.199;23.200;65.066;0.184;10.875;609;rh.lateraloccipital;Right-Putamen
('23', '40');23;40;39.915;0.241;420.944;39.739;0.231;181.250;1035;rh.lateraloccipital;Right-Hippocampus
('24', '25');24;25;18.242;0.279;1122.246;18.108;0.275;927.250;1064;rh.lingual;rh.fusiform
('24', '26');24;26;15.683;0.275;90.892;14.880;0.256;64.250;1037;rh.lingual;rh.parahippocampal
('24', '29');24;29;22.343;0.279;749.217;21.795;0.277;574.125;1053;rh.lingual;rh.inferiortemporal
('24', '30');24;30;24.674;0.275;717.037;24.399;0.274;527.500;1055;rh.lingual;rh.middletemporal
('24', '31');24;31;24.657;0.274;943.980;24.402;0.272;585.500;1047;rh.lingual;rh.bankssts
('24', '32');24;32;27.898;0.264;129.811;27.243;0.257;49.375;940;rh.lingual;rh.superiortemporal
('24', '33');24;33;27.941;0.267;54.088;27.412;0.260;24.750;842;rh.lingual;rh.transversetemporal
('24', '34');24;34;30.755;0.273;133.494;29.596;0.262;66.000;999;rh.lingual;rh.insula
('24', '35');24;35;25.265;0.309;132.861;24.314;0.295;91.750;1043;rh.lingual;Right-Thalamus-Proper
('24', '36');24;36;34.854;0.249;23.463;34.282;0.235;14.938;790;rh.lingual;Right-Caudate
('24', '37');24;37;42.012;0.250;43.337;40.907;0.237;20.375;842;rh.lingual;Right-Putamen
('24', '40');24;40;16.028;0.322;645.000;15.718;0.314;575.438;1064;rh.lingual;Right-Hippocampus
('25', '26');25;26;19.277;0.246;77.633;18.691;0.229;46.188;934;rh.fusiform;rh.parahippocampal
('25', '29');25;29;16.824;0.250;1253.578;16.630;0.240;1070.125;1059;rh.fusiform;rh.inferiortemporal
('25', '30');25;30;21.040;0.246;902.016;20.621;0.236;650.375;1057;rh.fusiform;rh.middletemporal
('25', '31');25;31;22.982;0.235;1292.100;22.476;0.222;893.000;1039;rh.fusiform;rh.bankssts
('25', '32');25;32;27.980;0.242;127.257;27.608;0.222;39.250;841;rh.fusiform;rh.superiortemporal
('25', '33');25;33;31.518;0.228;33.240;31.156;0.208;14.625;640;rh.fusiform;rh.transversetemporal
('25', '34');25;34;34.092;0.216;48.149;33.529;0.195;22.250;853;rh.fusiform;rh.insula
('25', '35');25;35;36.331;0.198;33.959;36.155;0.181;19.750;879;rh.fusiform;Right-Thalamus-Proper
('25', '40');25;40;21.890;0.240;296.851;21.696;0.225;206.500;1051;rh.fusiform;Right-Hippocampus
('26', '29');26;29;20.601;0.245;85.163;20.241;0.215;41.125;826;rh.parahippocampal;rh.inferiortemporal
('26', '30');26;30;22.407;0.244;92.574;21.705;0.207;38.625;778;rh.parahippocampal;rh.middletemporal
('26', '31');26;31;18.313;0.233;95.131;17.359;0.195;52.062;818;rh.parahippocampal;rh.bankssts
('26', '35');26;35;20.238;0.226;33.655;19.808;0.195;18.375;677;rh.parahippocampal;Right-Thalamus-Proper
('26', '40');26;40;12.810;0.234;118.506;12.592;0.214;91.375;1026;rh.parahippocampal;Right-Hippocampus
('29', '30');29;30;15.612;0.224;613.796;15.022;0.196;392.750;1037;rh.inferiortemporal;rh.middletemporal
('29', '31');29;31;18.045;0.214;966.576;17.432;0.189;613.438;1010;rh.inferiortemporal;rh.bankssts
('29', '32');29;32;28.063;0.230;98.731;28.320;0.197;28.125;767;rh.inferiortemporal;rh.superiortemporal
('29', '34');29;34;36.559;0.207;53.158;37.323;0.180;23.000;785;rh.inferiortemporal;rh.insula
('29', '35');29;35;41.099;0.196;46.117;40.733;0.179;23.375;788;rh.inferiortemporal;Right-Thalamus-Proper
('29', '40');29;40;25.666;0.232;279.808;25.365;0.211;157.500;999;rh.inferiortemporal;Right-Hippocampus
('30', '31');30;31;16.793;0.200;837.728;16.211;0.181;549.500;1024;rh.middletemporal;rh.bankssts
('30', '32');30;32;26.208;0.209;97.109;26.598;0.181;35.875;887;rh.middletemporal;rh.superiortemporal
('30', '33');30;33;27.857;0.206;30.248;28.819;0.174;17.375;754;rh.middletemporal;rh.transversetemporal
('30', '34');30;34;34.191;0.198;70.270;35.490;0.172;35.188;934;rh.middletemporal;rh.insula
('30', '35');30;35;37.137;0.197;77.315;37.688;0.178;42.625;928;rh.middletemporal;Right-Thalamus-Proper
('30', '36');30;36;45.248;0.172;20.208;44.866;0.165;10.625;605;rh.middletemporal;Right-Caudate
('30', '37');30;37;42.344;0.200;36.202;44.071;0.173;17.125;748;rh.middletemporal;Right-Putamen
('30', '40');30;40;26.290;0.233;316.622;25.878;0.208;160.625;1022;rh.middletemporal;Right-Hippocampus
('31', '32');31;32;14.447;0.197;350.630;14.018;0.166;239.875;1040;rh.bankssts;rh.superiortemporal
('31', '33');31;33;17.556;0.188;110.718;16.783;0.159;63.750;1008;rh.bankssts;rh.transversetemporal
('31', '34');31;34;25.134;0.176;214.183;24.093;0.161;151.188;1056;rh.bankssts;rh.insula
('31', '35');31;35;29.886;0.179;227.998;29.410;0.167;162.625;1049;rh.bankssts;Right-Thalamus-Proper
('31', '36');31;36;36.176;0.164;61.584;35.751;0.159;35.500;939;rh.bankssts;Right-Caudate
('31', '37');31;37;41.086;0.173;86.399;40.973;0.163;49.625;1009;rh.bankssts;Right-Putamen
('31', '38');31;38;47.760;0.171;34.295;47.729;0.164;18.125;870;rh.bankssts;Right-Pallidum
('31', '40');31;40;21.304;0.211;478.242;20.549;0.190;359.000;1058;rh.bankssts;Right-Hippocampus
('32', '33');32;33;13.042;0.223;139.738;12.795;0.178;76.250;932;rh.superiortemporal;rh.transversetemporal
('32', '34');32;34;17.859;0.202;87.895;16.725;0.173;54.625;1023;rh.superiortemporal;rh.insula
('32', '35');32;35;23.531;0.190;125.319;23.128;0.171;86.000;1031;rh.superiortemporal;Right-Thalamus-Proper
('32', '36');32;36;28.673;0.166;23.502;28.076;0.158;15.125;843;rh.superiortemporal;Right-Caudate
('32', '37');32;37;25.656;0.202;58.947;23.895;0.178;35.625;953;rh.superiortemporal;Right-Putamen
('32', '38');32;38;35.213;0.187;19.731;34.791;0.171;10.500;680;rh.superiortemporal;Right-Pallidum
('32', '40');32;40;19.016;0.238;242.000;18.187;0.209;134.750;1005;rh.superiortemporal;Right-Hippocampus
('33', '34');33;34;16.766;0.179;23.065;15.838;0.156;17.000;891;rh.transversetemporal;rh.insula
('33', '35');33;35;18.130;0.171;76.476;17.783;0.152;53.750;1010;rh.transversetemporal;Right-Thalamus-Proper
('33', '36');33;36;20.434;0.155;23.097;19.328;0.146;14.875;790;rh.transversetemporal;Right-Caudate
('33', '37');33;37;24.130;0.173;36.891;23.640;0.154;19.500;856;rh.transversetemporal;Right-Putamen
('33', '38');33;38;30.022;0.171;23.151;29.769;0.157;10.375;577;rh.transversetemporal;Right-Pallidum
('33', '40');33;40;18.345;0.216;117.872;17.790;0.192;75.125;971;rh.transversetemporal;Right-Hippocampus
('34', '35');34;35;19.008;0.168;1566.527;18.904;0.159;1519.500;1064;rh.insula;Right-Thalamus-Proper
('34', '36');34;36;22.240;0.173;1988.161;22.274;0.164;1893.875;1064;rh.insula;Right-Caudate
('34', '37');34;37;16.187;0.178;3092.147;16.006;0.170;3012.500;1064;rh.insula;Right-Putamen
('34', '38');34;38;22.284;0.173;450.661;22.244;0.162;367.938;1062;rh.insula;Right-Pallidum
('34', '40');34;40;18.294;0.238;632.603;17.814;0.220;472.500;1057;rh.insula;Right-Hippocampus
('34', '41');34;41;18.392;0.219;110.555;16.330;0.197;42.375;687;rh.insula;Right-Amygdala
('35', '36');35;36;18.275;0.177;1044.311;18.166;0.160;1019.000;1064;Right-Thalamus-Proper;Right-Caudate
('35', '37');35;37;16.633;0.165;2022.744;16.563;0.148;1999.562;1064;Right-Thalamus-Proper;Right-Putamen
('35', '38');35;38;15.420;0.193;1076.116;15.186;0.168;997.500;1061;Right-Thalamus-Proper;Right-Pallidum
('35', '40');35;40;15.791;0.315;1376.624;15.514;0.308;1178.938;1064;Right-Thalamus-Proper;Right-Hippocampus
('35', '41');35;41;15.761;0.316;189.598;15.363;0.291;105.875;775;Right-Thalamus-Proper;Right-Amygdala
('35', '50');35;50;50.234;0.209;38.210;49.900;0.206;22.125;754;Right-Thalamus-Proper;lh.caudalmiddlefrontal
('35', '54');35;54;25.328;0.168;69.564;23.727;0.157;39.000;851;Right-Thalamus-Proper;lh.caudalanteriorcingulate
('35', '55');35;55;19.055;0.258;629.864;18.424;0.247;562.875;1055;Right-Thalamus-Proper;lh.posteriorcingulate
('35', '56');35;56;26.560;0.398;163.659;25.664;0.405;98.500;1001;Right-Thalamus-Proper;lh.isthmuscingulate
('35', '76');35;76;20.689;0.372;2404.239;20.280;0.385;2014.250;1064;Right-Thalamus-Proper;Left-Thalamus-Proper
('35', '77');35;77;23.691;0.227;218.293;22.972;0.206;139.000;1015;Right-Thalamus-Proper;Left-Caudate
('35', '78');35;78;45.094;0.204;23.480;45.482;0.193;13.500;591;Right-Thalamus-Proper;Left-Putamen
('35', '81');35;81;32.070;0.384;72.505;31.702;0.391;34.125;896;Right-Thalamus-Proper;Left-Hippocampus
('35', '83');35;83;15.028;0.323;688.536;14.270;0.318;465.938;1038;Right-Thalamus-Proper;Brain-Stem
('36', '37');36;37;19.286;0.167;2513.270;19.189;0.155;2416.875;1064;Right-Caudate;Right-Putamen
('36', '38');36;38;19.845;0.170;550.422;19.588;0.151;460.250;1061;Right-Caudate;Right-Pallidum
('36', '40');36;40;26.904;0.250;129.225;25.970;0.229;92.500;1046;Right-Caudate;Right-Hippocampus
('36', '48');36;48;55.913;0.200;40.048;55.209;0.194;16.500;725;Right-Caudate;lh.rostralmiddlefrontal
('36', '49');36;49;52.302;0.213;37.006;51.630;0.210;20.312;872;Right-Caudate;lh.superiorfrontal
('36', '50');36;50;50.752;0.202;55.122;50.596;0.199;34.875;947;Right-Caudate;lh.caudalmiddlefrontal
('36', '51');36;51;58.645;0.213;20.698;58.411;0.209;10.750;605;Right-Caudate;lh.precentral
('36', '54');36;54;18.265;0.205;313.606;17.715;0.180;247.500;1053;Right-Caudate;lh.caudalanteriorcingulate
('36', '55');36;55;21.436;0.205;289.487;21.124;0.190;222.875;1049;Right-Caudate;lh.posteriorcingulate
('36', '56');36;56;35.699;0.371;42.154;34.830;0.370;12.562;634;Right-Caudate;lh.isthmuscingulate
('36', '75');36;75;50.867;0.197;18.537;50.648;0.179;10.250;663;Right-Caudate;lh.insula
('36', '76');36;76;23.574;0.256;381.583;22.923;0.239;226.812;1020;Right-Caudate;Left-Thalamus-Proper
('36', '77');36;77;24.788;0.194;541.577;24.057;0.172;303.375;1039;Right-Caudate;Left-Caudate
('36', '78');36;78;49.200;0.177;23.759;48.656;0.162;12.938;686;Right-Caudate;Left-Putamen
('37', '38');37;38;14.615;0.176;469.081;14.586;0.150;423.500;1062;Right-Putamen;Right-Pallidum
('37', '40');37;40;20.511;0.253;458.406;19.341;0.236;331.875;1047;Right-Putamen;Right-Hippocampus
('37', '41');37;41;15.030;0.244;109.754;14.354;0.216;61.125;733;Right-Putamen;Right-Amygdala
('37', '76');37;76;48.628;0.245;37.377;48.899;0.247;15.625;583;Right-Putamen;Left-Thalamus-Proper
('37', '83');37;83;22.158;0.302;47.024;21.514;0.277;24.375;624;Right-Putamen;Brain-Stem
('38', '40');38;40;22.660;0.262;229.993;21.225;0.242;136.375;1002;Right-Pallidum;Right-Hippocampus
('38', '41');38;41;12.721;0.307;53.717;12.595;0.282;30.875;663;Right-Pallidum;Right-Amygdala
('38', '83');38;83;18.708;0.339;107.463;18.684;0.311;38.625;671;Right-Pallidum;Brain-Stem
('40', '41');40;41;16.347;0.304;82.184;15.100;0.279;35.250;606;Right-Hippocampus;Right-Amygdala
('40', '55');40;55;30.294;0.425;109.727;30.061;0.426;43.188;804;Right-Hippocampus;lh.posteriorcingulate
('40', '56');40;56;21.851;0.388;82.240;21.155;0.418;21.375;633;Right-Hippocampus;lh.isthmuscingulate
('40', '76');40;76;29.192;0.390;122.928;29.152;0.402;66.375;973;Right-Hippocampus;Left-Thalamus-Proper
('40', '83');40;83;14.813;0.309;242.496;14.780;0.294;124.375;951;Right-Hippocampus;Brain-Stem
('42', '77');42;77;17.176;0.349;97.997;15.869;0.305;35.062;628;lh.lateralorbitofrontal;Left-Caudate
('42', '78');42;78;15.651;0.277;152.499;14.766;0.227;43.688;676;lh.lateralorbitofrontal;Left-Putamen
('46', '47');46;47;15.727;0.172;254.288;15.461;0.149;183.125;1015;lh.parstriangularis;lh.parsopercularis
('46', '48');46;48;16.022;0.200;455.797;15.794;0.175;272.625;1010;lh.parstriangularis;lh.rostralmiddlefrontal
('46', '49');46;49;27.593;0.212;112.541;26.533;0.194;60.625;921;lh.parstriangularis;lh.superiorfrontal
('46', '50');46;50;26.314;0.188;71.939;25.378;0.175;40.125;935;lh.parstriangularis;lh.caudalmiddlefrontal
('46', '51');46;51;37.242;0.213;52.661;36.127;0.210;26.750;867;lh.parstriangularis;lh.precentral
('46', '54');46;54;29.543;0.207;56.902;29.233;0.173;31.250;835;lh.parstriangularis;lh.caudalanteriorcingulate
('46', '75');46;75;21.180;0.189;41.396;20.727;0.177;30.500;964;lh.parstriangularis;lh.insula
('46', '77');46;77;23.567;0.221;111.362;22.722;0.183;79.375;987;lh.parstriangularis;Left-Caudate
('46', '78');46;78;24.572;0.187;56.785;24.040;0.162;37.125;932;lh.parstriangularis;Left-Putamen
('47', '48');47;48;18.262;0.167;892.876;17.737;0.153;741.125;1058;lh.parsopercularis;lh.rostralmiddlefrontal
('47', '49');47;49;37.805;0.202;133.927;36.927;0.186;89.000;1044;lh.parsopercularis;lh.superiorfrontal
('47', '50');47;50;20.701;0.204;310.362;19.505;0.190;221.188;1062;lh.parsopercularis;lh.caudalmiddlefrontal
('47', '51');47;51;21.378;0.230;1356.436;19.856;0.227;1224.062;1064;lh.parsopercularis;lh.precentral
('47', '52');47;52;67.319;0.308;40.760;67.708;0.307;11.250;642;lh.parsopercularis;lh.paracentral
('47', '54');47;54;35.133;0.184;77.780;34.887;0.171;54.562;1006;lh.parsopercularis;lh.caudalanteriorcingulate
('47', '55');47;55;44.809;0.227;89.885;44.232;0.214;44.125;997;lh.parsopercularis;lh.posteriorcingulate
('47', '57');47;57;30.814;0.258;374.058;29.781;0.255;272.000;1055;lh.parsopercularis;lh.postcentral
('47', '58');47;58;48.560;0.291;302.960;48.719;0.292;141.188;1022;lh.parsopercularis;lh.supramarginal
('47', '59');47;59;63.530;0.276;99.396;63.321;0.273;34.000;943;lh.parsopercularis;lh.superiorparietal
('47', '75');47;75;17.947;0.199;478.610;17.171;0.191;435.188;1064;lh.parsopercularis;lh.insula
('47', '76');47;76;37.668;0.174;76.306;37.185;0.161;42.938;1016;lh.parsopercularis;Left-Thalamus-Proper
('47', '77');47;77;26.299;0.188;364.560;25.997;0.177;277.750;1064;lh.parsopercularis;Left-Caudate
('47', '78');47;78;20.523;0.179;364.472;20.229;0.167;294.000;1063;lh.parsopercularis;Left-Putamen
('47', '79');47;79;32.431;0.177;26.585;31.929;0.164;15.375;817;lh.parsopercularis;Left-Pallidum
('48', '49');48;49;19.926;0.228;2462.123;19.651;0.217;2344.125;1062;lh.rostralmiddlefrontal;lh.superiorfrontal
('48', '50');48;50;21.310;0.198;1560.461;20.563;0.186;1430.625;1064;lh.rostralmiddlefrontal;lh.caudalmiddlefrontal
('48', '51');48;51;42.642;0.233;375.198;42.038;0.225;260.125;1056;lh.rostralmiddlefrontal;lh.precentral
('48', '52');48;52;78.705;0.288;38.515;78.725;0.282;10.625;743;lh.rostralmiddlefrontal;lh.paracentral
('48', '53');48;53;19.181;0.229;231.741;18.425;0.187;111.750;902;lh.rostralmiddlefrontal;lh.rostralanteriorcingulate
('48', '54');48;54;28.187;0.208;872.678;27.665;0.191;684.125;1059;lh.rostralmiddlefrontal;lh.caudalanteriorcingulate
('48', '55');48;55;48.087;0.240;308.042;47.577;0.236;172.125;1042;lh.rostralmiddlefrontal;lh.posteriorcingulate
('48', '57');48;57;55.122;0.257;86.282;53.984;0.250;35.938;952;lh.rostralmiddlefrontal;lh.postcentral
('48', '58');48;58;66.667;0.263;73.776;66.244;0.261;24.375;824;lh.rostralmiddlefrontal;lh.supramarginal
('48', '59');48;59;79.545;0.255;64.841;79.087;0.247;20.875;898;lh.rostralmiddlefrontal;lh.superiorparietal
('48', '75');48;75;23.589;0.178;547.028;22.848;0.167;443.938;1058;lh.rostralmiddlefrontal;lh.insula
('48', '76');48;76;48.448;0.166;118.978;47.908;0.154;73.000;1018;lh.rostralmiddlefrontal;Left-Thalamus-Proper
('48', '77');48;77;29.692;0.195;1814.040;29.300;0.181;1409.250;1062;lh.rostralmiddlefrontal;Left-Caudate
('48', '78');48;78;31.013;0.169;727.684;30.590;0.157;557.375;1057;lh.rostralmiddlefrontal;Left-Putamen
('48', '79');48;79;41.900;0.170;68.883;41.449;0.159;37.125;924;lh.rostralmiddlefrontal;Left-Pallidum
('49', '50');49;50;25.807;0.268;4200.171;25.528;0.264;3960.375;1064;lh.superiorfrontal;lh.caudalmiddlefrontal
('49', '51');49;51;24.436;0.319;2804.699;23.814;0.314;2616.875;1064;lh.superiorfrontal;lh.precentral
('49', '52');49;52;20.236;0.298;1736.558;20.053;0.287;1634.375;1064;lh.superiorfrontal;lh.paracentral
('49', '53');49;53;19.250;0.238;191.027;18.507;0.214;115.750;940;lh.superiorfrontal;lh.rostralanteriorcingulate
('49', '54');49;54;23.722;0.241;1781.001;23.256;0.235;1621.188;1064;lh.superiorfrontal;lh.caudalanteriorcingulate
('49', '55');49;55;30.846;0.279;1078.521;30.606;0.272;872.875;1064;lh.superiorfrontal;lh.posteriorcingulate
('49', '57');49;57;44.613;0.325;147.706;44.840;0.316;88.188;1046;lh.superiorfrontal;lh.postcentral
('49', '58');49;58;57.837;0.312;69.027;57.015;0.310;36.875;968;lh.superiorfrontal;lh.supramarginal
('49', '59');49;59;58.446;0.318;153.576;58.590;0.317;95.875;1041;lh.superiorfrontal;lh.superiorparietal
('49', '61');49;61;67.802;0.294;26.856;70.196;0.295;15.000;863;lh.superiorfrontal;lh.precuneus
('49', '75');49;75;39.762;0.269;399.482;39.819;0.266;306.625;1064;lh.superiorfrontal;lh.insula
('49', '76');49;76;47.289;0.263;255.159;47.214;0.256;204.625;1063;lh.superiorfrontal;Left-Thalamus-Proper
('49', '77');49;77;30.833;0.290;2992.525;30.766;0.282;2729.875;1064;lh.superiorfrontal;Left-Caudate
('49', '78');49;78;43.849;0.250;662.243;43.697;0.244;549.688;1064;lh.superiorfrontal;Left-Putamen
('49', '79');49;79;49.953;0.230;67.659;49.794;0.222;44.375;1009;lh.superiorfrontal;Left-Pallidum
('5', '10');5;10;32.962;0.203;93.700;32.220;0.198;51.375;949;rh.parstriangularis;rh.precentral
('5', '13');5;13;33.618;0.189;51.811;33.192;0.172;24.125;720;rh.parstriangularis;rh.caudalanteriorcingulate
('5', '16');5;16;46.359;0.242;28.780;44.943;0.244;13.875;625;rh.parstriangularis;rh.postcentral
('5', '34');5;34;20.702;0.184;57.425;20.115;0.171;42.625;967;rh.parstriangularis;rh.insula
('5', '36');5;36;28.022;0.196;124.617;27.717;0.171;77.750;929;rh.parstriangularis;Right-Caudate
('5', '37');5;37;24.623;0.177;90.085;23.816;0.158;54.500;929;rh.parstriangularis;Right-Putamen
('5', '6');5;6;15.322;0.167;327.815;15.030;0.155;249.000;1026;rh.parstriangularis;rh.parsopercularis
('5', '7');5;7;16.099;0.194;536.371;15.797;0.180;313.625;1010;rh.parstriangularis;rh.rostralmiddlefrontal
('5', '8');5;8;28.864;0.206;103.681;27.666;0.196;50.938;832;rh.parstriangularis;rh.superiorfrontal
('5', '9');5;9;29.138;0.192;71.888;28.002;0.182;38.312;882;rh.parstriangularis;rh.caudalmiddlefrontal
('50', '51');50;51;28.619;0.327;3709.202;28.319;0.330;3480.688;1064;lh.caudalmiddlefrontal;lh.precentral
('50', '52');50;52;51.491;0.379;999.388;52.593;0.390;783.312;1064;lh.caudalmiddlefrontal;lh.paracentral
('50', '53');50;53;41.469;0.254;54.837;41.466;0.235;24.875;759;lh.caudalmiddlefrontal;lh.rostralanteriorcingulate
('50', '54');50;54;26.316;0.216;1504.693;26.036;0.209;1328.438;1064;lh.caudalmiddlefrontal;lh.caudalanteriorcingulate
('50', '55');50;55;32.472;0.297;3463.455;31.623;0.295;3234.938;1064;lh.caudalmiddlefrontal;lh.posteriorcingulate
('50', '56');50;56;63.849;0.296;38.691;63.728;0.293;12.125;717;lh.caudalmiddlefrontal;lh.isthmuscingulate
('50', '57');50;57;40.378;0.371;764.486;40.509;0.383;680.812;1064;lh.caudalmiddlefrontal;lh.postcentral
('50', '58');50;58;45.234;0.321;340.153;44.379;0.332;161.188;1050;lh.caudalmiddlefrontal;lh.supramarginal
('50', '59');50;59;50.938;0.353;1544.382;50.512;0.370;1208.562;1064;lh.caudalmiddlefrontal;lh.superiorparietal
('50', '60');50;60;72.644;0.270;34.440;73.107;0.261;12.625;641;lh.caudalmiddlefrontal;lh.inferiorparietal
('50', '61');50;61;63.042;0.339;286.527;62.526;0.361;103.875;1015;lh.caudalmiddlefrontal;lh.precuneus
('50', '75');50;75;22.075;0.248;742.013;21.643;0.243;670.312;1064;lh.caudalmiddlefrontal;lh.insula
('50', '76');50;76;36.075;0.212;562.673;36.188;0.201;458.125;1063;lh.caudalmiddlefrontal;Left-Thalamus-Proper
('50', '77');50;77;27.427;0.232;3305.379;27.355;0.225;3125.938;1064;lh.caudalmiddlefrontal;Left-Caudate
('50', '78');50;78;26.452;0.227;1615.886;26.405;0.221;1480.812;1064;lh.caudalmiddlefrontal;Left-Putamen
('50', '79');50;79;35.755;0.205;147.280;35.675;0.196;103.500;1041;lh.caudalmiddlefrontal;Left-Pallidum
('51', '52');51;52;20.343;0.363;3038.384;19.194;0.365;2666.875;1064;lh.precentral;lh.paracentral
('51', '54');51;54;41.372;0.226;269.406;41.506;0.221;207.250;1059;lh.precentral;lh.caudalanteriorcingulate
('51', '55');51;55;30.121;0.318;822.975;29.652;0.312;577.438;1064;lh.precentral;lh.posteriorcingulate
('51', '56');51;56;51.866;0.278;36.839;52.121;0.270;17.625;871;lh.precentral;lh.isthmuscingulate
('51', '57');51;57;18.267;0.287;2696.748;17.834;0.289;2603.312;1064;lh.precentral;lh.postcentral
('51', '58');51;58;31.897;0.320;1937.291;31.822;0.327;1706.750;1064;lh.precentral;lh.supramarginal
('51', '59');51;59;34.047;0.359;1441.827;33.664;0.367;1127.812;1064;lh.precentral;lh.superiorparietal
('51', '60');51;60;56.577;0.327;268.904;56.444;0.335;94.500;934;lh.precentral;lh.inferiorparietal
('51', '61');51;61;44.147;0.327;243.830;44.370;0.333;128.625;1054;lh.precentral;lh.precuneus
('51', '75');51;75;22.883;0.284;2476.158;22.449;0.286;2369.500;1064;lh.precentral;lh.insula
('51', '76');51;76;39.164;0.264;538.953;38.784;0.253;418.250;1064;lh.precentral;Left-Thalamus-Proper
('51', '77');51;77;34.584;0.310;1567.476;34.611;0.294;1393.625;1064;lh.precentral;Left-Caudate
('51', '78');51;78;33.308;0.277;2404.451;32.957;0.274;2132.812;1064;lh.precentral;Left-Putamen
('51', '79');51;79;44.395;0.255;134.402;44.109;0.249;77.062;1038;lh.precentral;Left-Pallidum
('52', '54');52;54;62.863;0.277;29.032;65.470;0.278;17.250;904;lh.paracentral;lh.caudalanteriorcingulate
('52', '55');52;55;25.492;0.328;185.942;24.313;0.324;136.188;1064;lh.paracentral;lh.posteriorcingulate
('52', '56');52;56;30.321;0.258;23.404;29.583;0.254;12.000;827;lh.paracentral;lh.isthmuscingulate
('52', '57');52;57;19.547;0.382;1334.355;19.056;0.388;1038.688;1064;lh.paracentral;lh.postcentral
('52', '58');52;58;32.325;0.353;308.040;32.116;0.357;173.250;1046;lh.paracentral;lh.supramarginal
('52', '59');52;59;20.150;0.356;1679.710;19.845;0.361;1304.312;1064;lh.paracentral;lh.superiorparietal
('52', '60');52;60;53.134;0.276;33.387;53.722;0.268;16.000;709;lh.paracentral;lh.inferiorparietal
('52', '61');52;61;21.993;0.303;125.608;20.604;0.293;92.000;1061;lh.paracentral;lh.precuneus
('52', '75');52;75;42.273;0.320;317.867;41.523;0.321;234.250;1061;lh.paracentral;lh.insula
('52', '76');52;76;48.607;0.293;196.141;49.367;0.290;153.375;1063;lh.paracentral;Left-Thalamus-Proper
('52', '77');52;77;37.465;0.345;671.033;37.144;0.340;561.312;1064;lh.paracentral;Left-Caudate
('52', '78');52;78;54.800;0.297;425.133;54.895;0.296;356.875;1064;lh.paracentral;Left-Putamen
('52', '79');52;79;59.612;0.277;51.189;59.824;0.276;27.625;969;lh.paracentral;Left-Pallidum
('53', '54');53;54;19.549;0.285;185.442;18.385;0.214;75.500;835;lh.rostralanteriorcingulate;lh.caudalanteriorcingulate
('53', '75');53;75;29.067;0.296;105.260;27.994;0.279;37.500;716;lh.rostralanteriorcingulate;lh.insula
('53', '77');53;77;22.451;0.342;368.657;21.113;0.293;118.125;895;lh.rostralanteriorcingulate;Left-Caudate
('53', '78');53;78;33.871;0.291;145.659;33.204;0.276;36.562;740;lh.rostralanteriorcingulate;Left-Putamen
('54', '55');54;55;21.549;0.209;505.197;21.480;0.201;449.875;1064;lh.caudalanteriorcingulate;lh.posteriorcingulate
('54', '57');54;57;55.908;0.253;32.048;55.691;0.251;21.500;931;lh.caudalanteriorcingulate;lh.postcentral
('54', '58');54;58;63.702;0.231;21.564;63.591;0.225;11.125;713;lh.caudalanteriorcingulate;lh.supramarginal
('54', '59');54;59;67.240;0.249;52.675;67.201;0.247;31.375;941;lh.caudalanteriorcingulate;lh.superiorparietal
('54', '75');54;75;32.720;0.191;176.991;32.388;0.176;136.688;1048;lh.caudalanteriorcingulate;lh.insula
('54', '76');54;76;34.443;0.174;156.056;34.810;0.150;106.875;1028;lh.caudalanteriorcingulate;Left-Thalamus-Proper
('54', '77');54;77;17.374;0.191;2883.932;16.982;0.168;2815.375;1064;lh.caudalanteriorcingulate;Left-Caudate
('54', '78');54;78;31.330;0.176;304.493;30.980;0.159;247.500;1055;lh.caudalanteriorcingulate;Left-Putamen
('54', '79');54;79;37.042;0.168;30.969;36.688;0.150;19.438;878;lh.caudalanteriorcingulate;Left-Pallidum
('55', '56');55;56;23.371;0.399;1823.521;23.139;0.401;1647.312;1064;lh.posteriorcingulate;lh.isthmuscingulate
('55', '57');55;57;30.274;0.352;309.259;29.746;0.357;202.188;1062;lh.posteriorcingulate;lh.postcentral
('55', '58');55;58;31.575;0.306;452.280;31.380;0.298;305.875;1063;lh.posteriorcingulate;lh.supramarginal
('55', '59');55;59;26.324;0.283;1898.427;25.695;0.276;1774.812;1064;lh.posteriorcingulate;lh.superiorparietal
('55', '60');55;60;51.846;0.258;132.229;52.257;0.256;95.750;1049;lh.posteriorcingulate;lh.inferiorparietal
('55', '61');55;61;30.094;0.282;469.212;29.967;0.276;397.812;1064;lh.posteriorcingulate;lh.precuneus
('55', '65');55;65;41.462;0.301;29.299;41.382;0.281;13.000;701;lh.posteriorcingulate;lh.lingual
('55', '72');55;72;52.246;0.214;20.394;52.066;0.211;10.875;593;lh.posteriorcingulate;lh.bankssts
('55', '73');55;73;38.928;0.220;27.005;38.642;0.216;14.625;807;lh.posteriorcingulate;lh.superiortemporal
('55', '75');55;75;31.725;0.274;758.030;31.320;0.274;640.812;1064;lh.posteriorcingulate;lh.insula
('55', '76');55;76;21.403;0.390;3812.250;20.128;0.398;3517.750;1064;lh.posteriorcingulate;Left-Thalamus-Proper
('55', '77');55;77;17.708;0.362;4883.681;17.546;0.373;4799.375;1064;lh.posteriorcingulate;Left-Caudate
('55', '78');55;78;37.944;0.254;728.471;37.410;0.253;625.312;1064;lh.posteriorcingulate;Left-Putamen
('55', '79');55;79;44.177;0.245;65.693;44.052;0.244;47.375;1035;lh.posteriorcingulate;Left-Pallidum
('55', '81');55;81;28.072;0.422;632.756;27.318;0.436;440.188;1052;lh.posteriorcingulate;Left-Hippocampus
('55', '83');55;83;27.256;0.423;227.544;27.025;0.424;65.250;643;lh.posteriorcingulate;Brain-Stem
('56', '57');56;57;42.727;0.270;44.630;42.468;0.267;20.875;917;lh.isthmuscingulate;lh.postcentral
('56', '58');56;58;34.953;0.215;239.166;34.759;0.206;173.062;1062;lh.isthmuscingulate;lh.supramarginal
('56', '59');56;59;28.293;0.223;2044.872;28.354;0.218;1878.688;1064;lh.isthmuscingulate;lh.superiorparietal
('56', '60');56;60;37.464;0.233;1456.068;37.400;0.229;1210.750;1063;lh.isthmuscingulate;lh.inferiorparietal
('56', '61');56;61;20.972;0.254;3545.681;20.987;0.248;3458.875;1064;lh.isthmuscingulate;lh.precuneus
('56', '62');56;62;34.177;0.245;24.484;33.739;0.231;14.000;723;lh.isthmuscingulate;lh.cuneus
('56', '63');56;63;37.066;0.253;26.048;36.978;0.243;14.562;838;lh.isthmuscingulate;lh.pericalcarine
('56', '64');56;64;41.576;0.242;210.777;41.286;0.237;104.000;1032;lh.isthmuscingulate;lh.lateraloccipital
('56', '65');56;65;20.575;0.274;252.391;20.479;0.266;203.562;1064;lh.isthmuscingulate;lh.lingual
('56', '66');56;66;37.986;0.239;39.924;38.229;0.232;22.000;935;lh.isthmuscingulate;lh.fusiform
('56', '67');56;67;17.567;0.287;60.605;15.564;0.261;37.250;947;lh.isthmuscingulate;lh.parahippocampal
('56', '70');56;70;42.463;0.240;58.665;42.609;0.233;33.812;946;lh.isthmuscingulate;lh.inferiortemporal
('56', '71');56;71;45.188;0.233;44.830;44.810;0.228;21.250;873;lh.isthmuscingulate;lh.middletemporal
('56', '72');56;72;41.418;0.219;114.736;41.414;0.211;63.375;1014;lh.isthmuscingulate;lh.bankssts
('56', '73');56;73;34.500;0.217;132.769;34.443;0.200;87.625;1047;lh.isthmuscingulate;lh.superiortemporal
('56', '74');56;74;31.997;0.265;40.548;31.221;0.255;19.375;874;lh.isthmuscingulate;lh.transversetemporal
('56', '75');56;75;33.175;0.242;325.722;32.445;0.226;262.688;1064;lh.isthmuscingulate;lh.insula
('56', '76');56;76;20.909;0.423;2189.147;20.431;0.430;1917.250;1064;lh.isthmuscingulate;Left-Thalamus-Proper
('56', '77');56;77;29.311;0.279;215.037;28.449;0.269;143.688;1060;lh.isthmuscingulate;Left-Caudate
('56', '78');56;78;50.848;0.231;94.054;50.660;0.220;66.625;1053;lh.isthmuscingulate;Left-Putamen
('56', '79');56;79;55.108;0.218;26.028;55.107;0.208;18.250;928;lh.isthmuscingulate;Left-Pallidum
('56', '81');56;81;17.801;0.422;1317.344;17.563;0.433;1166.875;1064;lh.isthmuscingulate;Left-Hippocampus
('57', '58');57;58;21.133;0.326;3637.987;20.859;0.334;3391.250;1064;lh.postcentral;lh.supramarginal
('57', '59');57;59;20.687;0.376;1174.866;19.913;0.384;993.188;1064;lh.postcentral;lh.superiorparietal
('57', '60');57;60;43.028;0.345;451.109;42.958;0.363;233.625;1020;lh.postcentral;lh.inferiorparietal
('57', '61');57;61;27.822;0.314;356.600;26.934;0.314;217.500;1064;lh.postcentral;lh.precuneus
('57', '75');57;75;21.862;0.288;1140.600;21.420;0.293;1012.188;1064;lh.postcentral;lh.insula
('57', '76');57;76;41.643;0.256;236.033;41.734;0.254;169.125;1061;lh.postcentral;Left-Thalamus-Proper
('57', '77');57;77;39.087;0.285;361.931;39.039;0.281;292.312;1064;lh.postcentral;Left-Caudate
('57', '78');57;78;37.757;0.269;920.262;37.458;0.271;804.000;1064;lh.postcentral;Left-Putamen
('57', '79');57;79;48.896;0.251;60.728;48.965;0.247;33.625;968;lh.postcentral;Left-Pallidum
('58', '59');58;59;24.118;0.260;1007.750;23.846;0.250;824.938;1064;lh.supramarginal;lh.superiorparietal
('58', '60');58;60;21.270;0.288;3391.432;21.009;0.283;3153.500;1064;lh.supramarginal;lh.inferiorparietal
('58', '61');58;61;32.564;0.212;717.869;32.533;0.202;589.875;1063;lh.supramarginal;lh.precuneus
('58', '64');58;64;46.157;0.221;33.598;46.089;0.207;15.500;807;lh.supramarginal;lh.lateraloccipital
('58', '65');58;65;36.730;0.229;30.912;36.719;0.220;15.500;856;lh.supramarginal;lh.lingual
('58', '66');58;66;42.559;0.205;19.290;42.211;0.195;9.125;609;lh.supramarginal;lh.fusiform
('58', '70');58;70;41.271;0.199;20.794;41.315;0.189;10.625;641;lh.supramarginal;lh.inferiortemporal
('58', '71');58;71;38.624;0.190;19.480;38.506;0.185;10.000;579;lh.supramarginal;lh.middletemporal
('58', '72');58;72;20.185;0.189;165.639;19.415;0.174;114.188;1048;lh.supramarginal;lh.bankssts
('58', '73');58;73;18.352;0.219;258.069;18.033;0.194;175.375;1063;lh.supramarginal;lh.superiortemporal
('58', '74');58;74;30.174;0.191;17.235;30.417;0.172;8.375;588;lh.supramarginal;lh.transversetemporal
('58', '75');58;75;26.699;0.302;3645.393;26.377;0.312;3490.812;1064;lh.supramarginal;lh.insula
('58', '76');58;76;36.687;0.209;762.328;36.503;0.204;621.438;1064;lh.supramarginal;Left-Thalamus-Proper
('58', '77');58;77;34.390;0.227;564.803;34.284;0.222;440.938;1064;lh.supramarginal;Left-Caudate
('58', '78');58;78;41.318;0.236;1645.186;41.135;0.235;1406.500;1064;lh.supramarginal;Left-Putamen
('58', '79');58;79;48.612;0.206;145.003;48.595;0.201;97.000;1040;lh.supramarginal;Left-Pallidum
('58', '81');58;81;38.620;0.211;86.408;38.701;0.206;49.625;1027;lh.supramarginal;Left-Hippocampus
('59', '60');59;60;19.917;0.246;1683.772;19.748;0.227;1572.438;1064;lh.superiorparietal;lh.inferiorparietal
('59', '61');59;61;16.605;0.244;9480.711;16.534;0.235;9370.000;1064;lh.superiorparietal;lh.precuneus
('59', '62');59;62;13.773;0.203;966.249;13.617;0.193;823.875;1064;lh.superiorparietal;lh.cuneus
('59', '63');59;63;14.657;0.211;1263.758;14.406;0.204;1086.688;1064;lh.superiorparietal;lh.pericalcarine
('59', '64');59;64;20.617;0.220;523.032;20.179;0.212;452.938;1064;lh.superiorparietal;lh.lateraloccipital
('59', '65');59;65;27.713;0.240;272.645;27.324;0.235;170.875;1062;lh.superiorparietal;lh.lingual
('59', '66');59;66;35.547;0.219;78.876;34.415;0.212;41.875;1005;lh.superiorparietal;lh.fusiform
('59', '70');59;70;40.118;0.219;87.804;39.531;0.213;44.938;952;lh.superiorparietal;lh.inferiortemporal
('59', '71');59;71;41.466;0.212;54.878;41.566;0.204;27.000;882;lh.superiorparietal;lh.middletemporal
('59', '72');59;72;38.360;0.202;150.380;38.483;0.192;86.375;1024;lh.superiorparietal;lh.bankssts
('59', '73');59;73;30.901;0.191;256.292;30.666;0.179;179.312;1064;lh.superiorparietal;lh.superiortemporal
('59', '74');59;74;38.609;0.187;29.375;38.644;0.174;15.375;901;lh.superiorparietal;lh.transversetemporal
('59', '75');59;75;34.947;0.236;2093.529;34.429;0.224;1775.000;1064;lh.superiorparietal;lh.insula
('59', '76');59;76;42.011;0.222;1931.580;41.988;0.217;1754.625;1064;lh.superiorparietal;Left-Thalamus-Proper
('59', '77');59;77;37.625;0.232;1696.470;37.736;0.226;1553.688;1064;lh.superiorparietal;Left-Caudate
('59', '78');59;78;49.397;0.222;2179.162;49.144;0.216;1970.812;1064;lh.superiorparietal;Left-Putamen
('59', '79');59;79;56.123;0.212;318.735;56.006;0.205;215.250;1057;lh.superiorparietal;Left-Pallidum
('59', '81');59;81;41.099;0.252;363.384;40.799;0.245;250.875;1063;lh.superiorparietal;Left-Hippocampus
('6', '10');6;10;21.719;0.226;1769.798;20.502;0.219;1618.188;1064;rh.parsopercularis;rh.precentral
('6', '11');6;11;65.447;0.297;59.437;66.316;0.290;18.625;885;rh.parsopercularis;rh.paracentral
('6', '13');6;13;33.533;0.179;135.245;33.161;0.170;83.750;1031;rh.parsopercularis;rh.caudalanteriorcingulate
('6', '14');6;14;40.828;0.225;198.746;40.181;0.210;113.250;1044;rh.parsopercularis;rh.posteriorcingulate
('6', '16');6;16;28.810;0.258;547.046;28.021;0.255;460.188;1064;rh.parsopercularis;rh.postcentral
('6', '17');6;17;45.823;0.291;415.329;45.826;0.294;239.938;1052;rh.parsopercularis;rh.supramarginal
('6', '18');6;18;65.640;0.271;123.690;65.988;0.261;38.875;997;rh.parsopercularis;rh.superiorparietal
('6', '19');6;19;68.288;0.312;132.488;67.756;0.319;35.625;806;rh.parsopercularis;rh.inferiorparietal
('6', '20');6;20;77.098;0.250;29.180;77.396;0.235;11.625;649;rh.parsopercularis;rh.precuneus
('6', '34');6;34;18.168;0.180;569.577;17.555;0.170;522.938;1064;rh.parsopercularis;rh.insula
('6', '35');6;35;36.520;0.159;127.663;36.391;0.144;83.375;1048;rh.parsopercularis;Right-Thalamus-Proper
('6', '36');6;36;26.481;0.175;665.379;26.202;0.163;530.625;1064;rh.parsopercularis;Right-Caudate
('6', '37');6;37;20.444;0.162;869.126;20.124;0.146;731.188;1064;rh.parsopercularis;Right-Putamen
('6', '38');6;38;32.419;0.165;60.146;32.188;0.147;37.062;988;rh.parsopercularis;Right-Pallidum
('6', '7');6;7;18.202;0.168;1151.563;17.862;0.158;1006.625;1063;rh.parsopercularis;rh.rostralmiddlefrontal
('6', '8');6;8;35.797;0.214;192.154;34.918;0.203;122.688;1056;rh.parsopercularis;rh.superiorfrontal
('6', '9');6;9;21.508;0.199;357.915;20.755;0.192;271.938;1064;rh.parsopercularis;rh.caudalmiddlefrontal
('60', '61');60;61;22.454;0.213;4849.978;22.271;0.206;4417.562;1064;lh.inferiorparietal;lh.precuneus
('60', '62');60;62;19.364;0.215;599.231;18.795;0.200;420.125;1064;lh.inferiorparietal;lh.cuneus
('60', '63');60;63;18.578;0.226;1520.389;18.174;0.216;1254.250;1064;lh.inferiorparietal;lh.pericalcarine
('60', '64');60;64;19.741;0.220;1099.419;18.934;0.210;964.562;1064;lh.inferiorparietal;lh.lateraloccipital
('60', '65');60;65;24.608;0.247;1424.024;24.214;0.242;1122.750;1064;lh.inferiorparietal;lh.lingual
('60', '66');60;66;31.457;0.215;440.670;30.548;0.208;301.875;1064;lh.inferiorparietal;lh.fusiform
('60', '67');60;67;38.209;0.223;82.868;37.923;0.211;35.375;871;lh.inferiorparietal;lh.parahippocampal
('60', '70');60;70;30.339;0.216;344.851;29.710;0.207;237.125;1059;lh.inferiorparietal;lh.inferiortemporal
('60', '71');60;71;26.697;0.207;266.942;26.150;0.198;172.500;1053;lh.inferiorparietal;lh.middletemporal
('60', '72');60;72;23.662;0.198;1117.549;23.536;0.190;922.500;1064;lh.inferiorparietal;lh.bankssts
('60', '73');60;73;23.052;0.207;2077.940;22.666;0.193;1857.938;1064;lh.inferiorparietal;lh.superiortemporal
('60', '74');60;74;34.932;0.196;138.027;34.892;0.183;91.500;1033;lh.inferiorparietal;lh.transversetemporal
('60', '75');60;75;36.230;0.264;1935.940;36.164;0.253;1624.875;1064;lh.inferiorparietal;lh.insula
('60', '76');60;76;42.030;0.219;1693.067;41.819;0.213;1341.875;1063;lh.inferiorparietal;Left-Thalamus-Proper
('60', '77');60;77;43.730;0.215;319.314;43.194;0.206;239.625;1051;lh.inferiorparietal;Left-Caudate
('60', '78');60;78;55.912;0.219;439.620;55.692;0.205;270.375;1058;lh.inferiorparietal;Left-Putamen
('60', '79');60;79;61.222;0.191;105.729;61.350;0.184;63.000;1021;lh.inferiorparietal;Left-Pallidum
('60', '81');60;81;36.455;0.230;2122.557;36.235;0.223;1742.625;1063;lh.inferiorparietal;Left-Hippocampus
('61', '62');61;62;16.417;0.211;197.826;16.177;0.200;161.188;1064;lh.precuneus;lh.cuneus
('61', '63');61;63;17.866;0.226;273.136;17.570;0.209;229.375;1064;lh.precuneus;lh.pericalcarine
('61', '64');61;64;22.639;0.227;1456.951;22.375;0.219;1237.625;1063;lh.precuneus;lh.lateraloccipital
('61', '65');61;65;22.103;0.269;409.803;21.743;0.263;354.812;1064;lh.precuneus;lh.lingual
('61', '66');61;66;33.480;0.230;131.466;31.859;0.224;74.750;1045;lh.precuneus;lh.fusiform
('61', '67');61;67;35.308;0.280;43.583;35.202;0.267;18.750;766;lh.precuneus;lh.parahippocampal
('61', '70');61;70;32.138;0.232;272.565;31.295;0.227;166.312;1026;lh.precuneus;lh.inferiortemporal
('61', '71');61;71;33.593;0.225;188.302;33.583;0.214;112.125;1015;lh.precuneus;lh.middletemporal
('61', '72');61;72;33.583;0.212;469.732;33.556;0.197;297.062;1052;lh.precuneus;lh.bankssts
('61', '73');61;73;32.852;0.196;452.133;32.490;0.174;313.625;1062;lh.precuneus;lh.superiortemporal
('61', '74');61;74;36.995;0.211;53.807;36.848;0.179;29.375;984;lh.precuneus;lh.transversetemporal
('61', '75');61;75;38.185;0.217;840.597;37.862;0.205;729.062;1064;lh.precuneus;lh.insula
('61', '76');61;76;38.198;0.278;1537.005;37.906;0.261;1355.125;1063;lh.precuneus;Left-Thalamus-Proper
('61', '77');61;77;39.241;0.248;543.982;38.757;0.242;437.938;1064;lh.precuneus;Left-Caudate
('61', '78');61;78;57.593;0.232;376.462;57.620;0.227;313.750;1064;lh.precuneus;Left-Putamen
('61', '79');61;79;61.052;0.214;110.760;61.134;0.206;77.750;1045;lh.precuneus;Left-Pallidum
('61', '81');61;81;28.006;0.325;1119.593;27.823;0.329;955.312;1064;lh.precuneus;Left-Hippocampus
('62', '63');62;63;14.628;0.205;666.206;14.515;0.198;578.312;1064;lh.cuneus;lh.pericalcarine
('62', '64');62;64;19.213;0.217;1152.845;18.799;0.211;882.250;1064;lh.cuneus;lh.lateraloccipital
('62', '65');62;65;25.123;0.246;118.569;25.010;0.241;76.500;1024;lh.cuneus;lh.lingual
('62', '66');62;66;32.930;0.229;65.138;32.592;0.222;31.250;870;lh.cuneus;lh.fusiform
('62', '70');62;70;36.226;0.234;66.768;35.947;0.230;31.188;820;lh.cuneus;lh.inferiortemporal
('62', '71');62;71;39.280;0.234;34.030;39.352;0.228;16.250;691;lh.cuneus;lh.middletemporal
('62', '72');62;72;41.458;0.235;48.516;41.046;0.226;20.125;813;lh.cuneus;lh.bankssts
('62', '73');62;73;42.954;0.223;23.204;42.887;0.198;11.000;612;lh.cuneus;lh.superiortemporal
('62', '76');62;76;48.662;0.246;19.865;48.780;0.224;10.625;577;lh.cuneus;Left-Thalamus-Proper
('62', '81');62;81;42.301;0.263;36.281;42.311;0.251;19.625;761;lh.cuneus;Left-Hippocampus
('63', '64');63;64;16.509;0.226;6287.379;16.300;0.225;6103.250;1064;lh.pericalcarine;lh.lateraloccipital
('63', '65');63;65;17.199;0.255;746.665;17.024;0.253;676.688;1064;lh.pericalcarine;lh.lingual
('63', '66');63;66;21.276;0.243;443.992;20.835;0.236;334.188;1062;lh.pericalcarine;lh.fusiform
('63', '70');63;70;30.010;0.260;235.149;29.323;0.256;136.000;985;lh.pericalcarine;lh.inferiortemporal
('63', '71');63;71;35.494;0.256;89.861;35.426;0.253;40.750;915;lh.pericalcarine;lh.middletemporal
('63', '72');63;72;38.457;0.257;129.704;38.500;0.257;59.312;976;lh.pericalcarine;lh.bankssts
('63', '73');63;73;43.192;0.248;39.703;43.044;0.234;14.625;790;lh.pericalcarine;lh.superiortemporal
('63', '76');63;76;50.492;0.256;22.526;50.189;0.244;10.750;694;lh.pericalcarine;Left-Thalamus-Proper
('63', '81');63;81;41.395;0.281;54.732;41.514;0.276;29.375;930;lh.pericalcarine;Left-Hippocampus
('64', '65');64;65;20.474;0.244;8977.860;20.345;0.243;8721.062;1064;lh.lateraloccipital;lh.lingual
('64', '66');64;66;17.540;0.224;3204.875;17.213;0.219;2884.938;1064;lh.lateraloccipital;lh.fusiform
('64', '67');64;67;37.274;0.245;65.272;36.829;0.237;24.000;783;lh.lateraloccipital;lh.parahippocampal
('64', '70');64;70;27.555;0.241;530.133;27.663;0.234;386.250;1062;lh.lateraloccipital;lh.inferiortemporal
('64', '71');64;71;32.374;0.237;236.107;32.832;0.232;132.875;1034;lh.lateraloccipital;lh.middletemporal
('64', '72');64;72;33.192;0.238;656.555;33.332;0.232;450.125;1054;lh.lateraloccipital;lh.bankssts
('64', '73');64;73;40.503;0.234;225.500;40.572;0.221;86.750;1020;lh.lateraloccipital;lh.superiortemporal
('64', '74');64;74;45.660;0.237;32.187;45.469;0.220;12.000;678;lh.lateraloccipital;lh.transversetemporal
('64', '75');64;75;49.900;0.229;62.139;49.928;0.209;26.500;920;lh.lateraloccipital;lh.insula
('64', '76');64;76;50.354;0.242;145.151;50.122;0.232;54.125;991;lh.lateraloccipital;Left-Thalamus-Proper
('64', '77');64;77;55.172;0.216;18.000;54.891;0.203;10.625;599;lh.lateraloccipital;Left-Caudate
('64', '81');64;81;38.701;0.255;643.087;38.279;0.247;340.625;1050;lh.lateraloccipital;Left-Hippocampus
('65', '66');65;66;18.587;0.260;1620.259;18.434;0.255;1419.875;1064;lh.lingual;lh.fusiform
('65', '67');65;67;16.554;0.257;83.414;15.325;0.243;59.250;1033;lh.lingual;lh.parahippocampal
('65', '70');65;70;21.772;0.275;1329.009;21.522;0.268;1138.875;1059;lh.lingual;lh.inferiortemporal
('65', '71');65;71;26.486;0.262;610.095;26.400;0.258;386.250;1043;lh.lingual;lh.middletemporal
('65', '72');65;72;25.077;0.263;1125.905;24.709;0.260;757.000;1053;lh.lingual;lh.bankssts
('65', '73');65;73;26.309;0.262;266.806;25.855;0.256;133.750;1032;lh.lingual;lh.superiortemporal
('65', '74');65;74;26.610;0.279;57.609;26.017;0.272;22.625;819;lh.lingual;lh.transversetemporal
('65', '75');65;75;30.494;0.267;92.846;29.480;0.253;43.500;989;lh.lingual;lh.insula
('65', '76');65;76;25.684;0.312;185.547;24.995;0.298;122.875;1051;lh.lingual;Left-Thalamus-Proper
('65', '77');65;77;35.480;0.242;21.588;34.812;0.227;12.625;755;lh.lingual;Left-Caudate
('65', '78');65;78;43.034;0.243;23.571;41.436;0.231;12.250;658;lh.lingual;Left-Putamen
('65', '81');65;81;17.332;0.321;757.448;17.104;0.314;687.125;1064;lh.lingual;Left-Hippocampus
('66', '67');66;67;18.958;0.266;86.113;18.030;0.234;52.375;917;lh.fusiform;lh.parahippocampal
('66', '70');66;70;17.066;0.250;1304.283;16.801;0.233;1121.375;1060;lh.fusiform;lh.inferiortemporal
('66', '71');66;71;22.325;0.243;611.544;21.488;0.225;374.375;1039;lh.fusiform;lh.middletemporal
('66', '72');66;72;23.160;0.233;971.810;22.170;0.219;673.500;1049;lh.fusiform;lh.bankssts
('66', '73');66;73;26.746;0.236;278.948;26.249;0.214;109.375;985;lh.fusiform;lh.superiortemporal
('66', '74');66;74;27.664;0.250;50.417;27.109;0.218;18.562;686;lh.fusiform;lh.transversetemporal
('66', '75');66;75;32.480;0.225;47.118;32.159;0.199;25.625;867;lh.fusiform;lh.insula
('66', '76');66;76;33.945;0.211;66.984;33.644;0.196;40.375;993;lh.fusiform;Left-Thalamus-Proper
('66', '81');66;81;21.965;0.249;449.677;21.489;0.234;338.500;1059;lh.fusiform;Left-Hippocampus
('67', '70');67;70;21.595;0.254;122.199;21.015;0.223;58.812;858;lh.parahippocampal;lh.inferiortemporal
('67', '71');67;71;24.430;0.246;77.250;23.829;0.213;29.938;744;lh.parahippocampal;lh.middletemporal
('67', '72');67;72;21.318;0.227;91.784;20.632;0.198;47.750;843;lh.parahippocampal;lh.bankssts
('67', '73');67;73;19.561;0.244;49.824;18.633;0.207;22.500;655;lh.parahippocampal;lh.superiortemporal
('67', '76');67;76;20.006;0.237;39.969;19.246;0.205;21.500;724;lh.parahippocampal;Left-Thalamus-Proper
('67', '81');67;81;12.892;0.228;111.506;12.707;0.212;85.875;1023;lh.parahippocampal;Left-Hippocampus
('7', '10');7;10;40.060;0.223;550.502;39.199;0.217;394.500;1063;rh.rostralmiddlefrontal;rh.precentral
('7', '11');7;11;75.357;0.276;37.985;76.457;0.271;14.562;768;rh.rostralmiddlefrontal;rh.paracentral
('7', '12');7;12;20.780;0.210;135.486;19.682;0.188;51.562;776;rh.rostralmiddlefrontal;rh.rostralanteriorcingulate
('7', '13');7;13;30.739;0.219;924.719;30.120;0.209;702.000;1060;rh.rostralmiddlefrontal;rh.caudalanteriorcingulate
('7', '14');7;14;45.311;0.238;538.390;44.294;0.236;316.188;1040;rh.rostralmiddlefrontal;rh.posteriorcingulate
('7', '16');7;16;53.245;0.246;108.927;51.588;0.242;52.250;1003;rh.rostralmiddlefrontal;rh.postcentral
('7', '17');7;17;65.670;0.255;101.485;64.968;0.250;32.375;916;rh.rostralmiddlefrontal;rh.supramarginal
('7', '18');7;18;81.693;0.252;56.073;81.052;0.243;22.688;844;rh.rostralmiddlefrontal;rh.superiorparietal
('7', '34');7;34;24.441;0.173;581.057;23.950;0.163;491.875;1061;rh.rostralmiddlefrontal;rh.insula
('7', '35');7;35;49.850;0.169;98.403;49.249;0.158;59.625;1016;rh.rostralmiddlefrontal;Right-Thalamus-Proper
('7', '36');7;36;32.484;0.195;1727.296;32.347;0.182;1274.062;1062;rh.rostralmiddlefrontal;Right-Caudate
('7', '37');7;37;31.216;0.168;764.931;30.784;0.157;539.750;1057;rh.rostralmiddlefrontal;Right-Putamen
('7', '38');7;38;44.495;0.170;54.251;43.899;0.158;30.688;916;rh.rostralmiddlefrontal;Right-Pallidum
('7', '54');7;54;50.139;0.203;28.101;49.805;0.198;12.250;592;rh.rostralmiddlefrontal;lh.caudalanteriorcingulate
('7', '77');7;77;59.483;0.196;25.767;59.069;0.190;10.500;601;rh.rostralmiddlefrontal;Left-Caudate
('7', '8');7;8;19.375;0.240;3392.719;19.012;0.233;3262.750;1064;rh.rostralmiddlefrontal;rh.superiorfrontal
('7', '9');7;9;21.150;0.222;1708.943;20.204;0.206;1614.062;1064;rh.rostralmiddlefrontal;rh.caudalmiddlefrontal
('70', '71');70;71;15.897;0.234;642.823;15.338;0.201;354.125;1037;lh.inferiortemporal;lh.middletemporal
('70', '72');70;72;17.222;0.216;1024.314;16.527;0.193;780.250;1047;lh.inferiortemporal;lh.bankssts
('70', '73');70;73;27.204;0.219;290.105;26.764;0.192;95.875;979;lh.inferiortemporal;lh.superiortemporal
('70', '74');70;74;31.834;0.240;45.613;31.803;0.204;15.000;622;lh.inferiortemporal;lh.transversetemporal
('70', '75');70;75;37.599;0.213;52.732;37.953;0.188;21.562;856;lh.inferiortemporal;lh.insula
('70', '76');70;76;40.270;0.213;103.134;39.730;0.197;42.875;957;lh.inferiortemporal;Left-Thalamus-Proper
('70', '81');70;81;26.223;0.245;535.465;26.260;0.225;298.688;1046;lh.inferiortemporal;Left-Hippocampus
('71', '72');71;72;16.478;0.200;514.666;15.771;0.183;372.000;1022;lh.middletemporal;lh.bankssts
('71', '73');71;73;26.927;0.210;145.784;26.864;0.183;53.625;929;lh.middletemporal;lh.superiortemporal
('71', '75');71;75;36.796;0.211;40.113;37.661;0.183;17.875;800;lh.middletemporal;lh.insula
('71', '76');71;76;39.071;0.214;99.751;39.239;0.197;45.250;901;lh.middletemporal;Left-Thalamus-Proper
('71', '81');71;81;28.454;0.240;344.994;28.447;0.218;164.875;1009;lh.middletemporal;Left-Hippocampus
('72', '73');72;73;15.065;0.186;587.400;14.536;0.161;456.188;1060;lh.bankssts;lh.superiortemporal
('72', '74');72;74;22.654;0.203;67.600;22.246;0.170;29.250;835;lh.bankssts;lh.transversetemporal
('72', '75');72;75;29.793;0.180;143.008;29.432;0.166;77.500;1034;lh.bankssts;lh.insula
('72', '76');72;76;32.892;0.192;305.001;32.392;0.178;188.500;1036;lh.bankssts;Left-Thalamus-Proper
('72', '77');72;77;38.884;0.167;47.986;38.668;0.161;25.500;848;lh.bankssts;Left-Caudate
('72', '78');72;78;45.942;0.173;49.851;45.711;0.161;20.250;844;lh.bankssts;Left-Putamen
('72', '79');72;79;52.091;0.164;21.734;52.125;0.156;10.625;609;lh.bankssts;Left-Pallidum
('72', '81');72;81;24.375;0.217;672.658;23.919;0.200;470.000;1048;lh.bankssts;Left-Hippocampus
('73', '74');73;74;14.243;0.230;100.458;13.494;0.178;46.875;907;lh.superiortemporal;lh.transversetemporal
('73', '75');73;75;20.880;0.191;87.831;19.969;0.173;62.812;1060;lh.superiortemporal;lh.insula
('73', '76');73;76;22.136;0.185;341.426;21.707;0.170;274.750;1063;lh.superiortemporal;Left-Thalamus-Proper
('73', '77');73;77;25.300;0.160;55.322;24.832;0.154;39.375;987;lh.superiortemporal;Left-Caudate
('73', '78');73;78;32.026;0.175;61.290;30.967;0.162;38.250;1009;lh.superiortemporal;Left-Putamen
('73', '79');73;79;38.178;0.169;34.636;37.877;0.156;17.375;839;lh.superiortemporal;Left-Pallidum
('73', '81');73;81;19.587;0.229;417.000;18.757;0.206;293.062;1054;lh.superiortemporal;Left-Hippocampus
('74', '75');74;75;15.499;0.199;19.523;14.596;0.169;13.562;750;lh.transversetemporal;lh.insula
('74', '76');74;76;16.083;0.181;130.016;15.782;0.159;101.375;1028;lh.transversetemporal;Left-Thalamus-Proper
('74', '77');74;77;19.803;0.154;21.841;18.945;0.143;14.750;757;lh.transversetemporal;Left-Caudate
('74', '78');74;78;22.168;0.178;24.457;20.929;0.151;13.250;722;lh.transversetemporal;Left-Putamen
('74', '81');74;81;16.343;0.238;160.059;15.917;0.216;107.500;996;lh.transversetemporal;Left-Hippocampus
('75', '76');75;76;18.597;0.178;1554.622;18.560;0.170;1496.938;1064;lh.insula;Left-Thalamus-Proper
('75', '77');75;77;20.011;0.189;1562.578;19.919;0.180;1499.000;1064;lh.insula;Left-Caudate
('75', '78');75;78;18.460;0.184;2053.908;18.053;0.177;2026.125;1064;lh.insula;Left-Putamen
('75', '79');75;79;25.362;0.175;431.660;25.307;0.163;322.625;1062;lh.insula;Left-Pallidum
('75', '81');75;81;18.537;0.236;375.329;17.738;0.221;288.625;1055;lh.insula;Left-Hippocampus
('76', '77');76;77;18.026;0.171;1637.838;18.040;0.157;1584.938;1064;Left-Thalamus-Proper;Left-Caudate
('76', '78');76;78;16.632;0.170;2315.111;16.609;0.157;2271.812;1064;Left-Thalamus-Proper;Left-Putamen
('76', '79');76;79;15.089;0.192;1534.835;14.824;0.167;1433.875;1062;Left-Thalamus-Proper;Left-Pallidum
('76', '81');76;81;15.275;0.301;1540.037;15.156;0.294;1325.875;1064;Left-Thalamus-Proper;Left-Hippocampus
('76', '82');76;82;15.387;0.309;166.805;14.978;0.278;94.000;747;Left-Thalamus-Proper;Left-Amygdala
('76', '83');76;83;14.646;0.320;710.361;14.317;0.308;473.125;1027;Left-Thalamus-Proper;Brain-Stem
('77', '78');77;78;18.519;0.184;3222.347;18.413;0.171;3156.875;1064;Left-Caudate;Left-Putamen
('77', '79');77;79;18.509;0.183;718.170;18.200;0.161;590.375;1061;Left-Caudate;Left-Pallidum
('77', '81');77;81;25.284;0.218;129.829;24.376;0.201;91.000;1039;Left-Caudate;Left-Hippocampus
('78', '79');78;79;15.671;0.188;330.347;15.624;0.167;297.625;1062;Left-Putamen;Left-Pallidum
('78', '81');78;81;20.200;0.258;285.846;18.413;0.242;184.562;1026;Left-Putamen;Left-Hippocampus
('78', '82');78;82;14.901;0.244;119.061;13.740;0.213;51.625;715;Left-Putamen;Left-Amygdala
('79', '81');79;81;21.847;0.263;143.443;19.249;0.239;73.625;953;Left-Pallidum;Left-Hippocampus
('79', '82');79;82;12.970;0.277;53.162;12.799;0.235;27.875;632;Left-Pallidum;Left-Amygdala
('79', '83');79;83;18.729;0.351;93.789;18.418;0.330;33.625;592;Left-Pallidum;Brain-Stem
('8', '10');8;10;24.148;0.297;3356.537;23.774;0.293;3213.500;1064;rh.superiorfrontal;rh.precentral
('8', '11');8;11;20.865;0.295;1134.521;20.488;0.291;997.438;1064;rh.superiorfrontal;rh.paracentral
('8', '12');8;12;21.230;0.230;69.444;20.276;0.217;33.500;709;rh.superiorfrontal;rh.rostralanteriorcingulate
('8', '13');8;13;24.243;0.245;975.606;23.679;0.241;839.500;1064;rh.superiorfrontal;rh.caudalanteriorcingulate
('8', '14');8;14;30.052;0.269;893.734;29.700;0.263;714.375;1063;rh.superiorfrontal;rh.posteriorcingulate
('8', '16');8;16;47.284;0.308;143.946;47.865;0.303;95.125;1053;rh.superiorfrontal;rh.postcentral
('8', '17');8;17;53.616;0.320;156.660;53.485;0.321;79.312;1026;rh.superiorfrontal;rh.supramarginal
('8', '18');8;18;64.397;0.305;90.361;65.714;0.303;52.125;1013;rh.superiorfrontal;rh.superiorparietal
('8', '19');8;19;76.844;0.292;27.472;76.597;0.295;14.250;697;rh.superiorfrontal;rh.inferiorparietal
('8', '20');8;20;74.692;0.276;19.898;76.494;0.277;10.625;732;rh.superiorfrontal;rh.precuneus
('8', '34');8;34;42.302;0.286;500.779;42.657;0.287;391.812;1064;rh.superiorfrontal;rh.insula
('8', '35');8;35;47.649;0.257;140.800;47.514;0.248;95.250;1055;rh.superiorfrontal;Right-Thalamus-Proper
('8', '36');8;36;29.325;0.271;1934.556;28.899;0.256;1714.250;1064;rh.superiorfrontal;Right-Caudate
('8', '37');8;37;43.222;0.252;481.150;43.015;0.248;406.125;1064;rh.superiorfrontal;Right-Putamen
('8', '38');8;38;51.260;0.235;47.322;51.129;0.227;31.688;986;rh.superiorfrontal;Right-Pallidum
('8', '54');8;54;45.625;0.209;13.603;45.144;0.204;7.875;595;rh.superiorfrontal;lh.caudalanteriorcingulate
('8', '77');8;77;52.964;0.201;15.528;52.270;0.198;9.375;615;rh.superiorfrontal;Left-Caudate
('8', '9');8;9;24.397;0.270;3361.420;24.043;0.265;2988.188;1064;rh.superiorfrontal;rh.caudalmiddlefrontal
('81', '83');81;83;14.942;0.306;228.854;14.734;0.280;111.000;934;Left-Hippocampus;Brain-Stem
('9', '10');9;10;26.201;0.294;3931.273;25.729;0.291;3727.750;1064;rh.caudalmiddlefrontal;rh.precentral
('9', '11');9;11;50.578;0.357;758.053;52.461;0.362;580.625;1058;rh.caudalmiddlefrontal;rh.paracentral
('9', '13');9;13;28.262;0.218;1016.121;27.961;0.210;818.000;1063;rh.caudalmiddlefrontal;rh.caudalanteriorcingulate
('9', '14');9;14;31.471;0.276;3254.256;30.818;0.272;3133.625;1064;rh.caudalmiddlefrontal;rh.posteriorcingulate
('9', '16');9;16;40.388;0.352;946.286;41.010;0.358;719.562;1064;rh.caudalmiddlefrontal;rh.postcentral
('9', '17');9;17;42.288;0.336;690.070;41.830;0.344;399.875;1057;rh.caudalmiddlefrontal;rh.supramarginal
('9', '18');9;18;52.782;0.350;943.957;52.302;0.363;599.000;1052;rh.caudalmiddlefrontal;rh.superiorparietal
('9', '19');9;19;66.859;0.284;103.346;67.065;0.276;24.750;829;rh.caudalmiddlefrontal;rh.inferiorparietal
('9', '20');9;20;67.674;0.304;114.808;67.623;0.301;34.625;944;rh.caudalmiddlefrontal;rh.precuneus
('9', '34');9;34;26.222;0.244;905.288;25.847;0.240;760.875;1064;rh.caudalmiddlefrontal;rh.insula
('9', '35');9;35;37.396;0.210;418.954;37.372;0.202;312.812;1064;rh.caudalmiddlefrontal;Right-Thalamus-Proper
('9', '36');9;36;28.428;0.231;2770.040;28.286;0.228;2572.875;1064;rh.caudalmiddlefrontal;Right-Caudate
('9', '37');9;37;27.817;0.217;1398.255;27.587;0.209;1273.000;1064;rh.caudalmiddlefrontal;Right-Putamen
('9', '38');9;38;36.957;0.203;155.288;36.772;0.198;106.688;1040;rh.caudalmiddlefrontal;Right-Pallidum
('9', '54');9;54;45.941;0.197;22.543;45.624;0.195;13.250;799;rh.caudalmiddlefrontal;lh.caudalanteriorcingulate
('9', '55');9;55;47.062;0.204;24.368;47.125;0.203;14.688;742;rh.caudalmiddlefrontal;lh.posteriorcingulate
('9', '76');9;76;53.488;0.203;26.854;53.102;0.199;14.750;605;rh.caudalmiddlefrontal;Left-Thalamus-Proper
('9', '77');9;77;53.574;0.194;26.910;53.182;0.191;15.500;797;rh.caudalmiddlefrontal;Left-Caudate
